rank,LG,WR,LR,WF,known_in_data,prob_resonant,pred_BW,bw_model_std,pred_FL,fl_model_std,pred_FU,fu_model_std,pred_fc,pred_frac_bw,pred_in_4p5_9GHz,expected_BW,selection_score,physics_fc,physics_score,physics_guided_score
1,6.0,12.25,3.3,4.5,False,0.8499344477763916,3.4006165515935387,0.14197180687381458,5.139781571362628,0.004480728021757774,8.425420924140386,0.13218408787355565,6.782601247751507,0.5013735036717474,1,2.8903011508779115,2.5309741742138154,6.6,0.7208903988172269,2.3190484165032004
2,6.0,12.25,3.3,4.2,False,0.8496503441185282,2.847515941574864,0.07585305292739929,5.151589020159548,0.02833333178934436,7.878942356144353,0.06664469524375519,6.515265688151951,0.4370529273661224,1,2.419392899642078,2.2488135280732835,6.7,0.9062605839664263,2.185572788006286
3,6.0,12.25,3.3,4.1,False,0.8499362113411942,2.8462432485949023,0.09345549688976296,5.157477482255874,0.023145421248105633,7.902985464554313,0.12057856220713105,6.5302314734050935,0.43585641032579975,1,2.419125203266204,2.2123673164085695,6.8,0.9511783781316645,2.1799639082419002
4,6.0,12.25,3.3,3.6,False,0.8189589397274426,2.646569018554988,0.018044979109905983,5.251319803711446,0.02782643600257027,7.8625657486947595,0.04213863227676959,6.556942776203103,0.4036285062849861,1,2.1674313573512913,2.129013355820794,6.9,0.9443225542673116,2.0934519481459297
5,6.0,12.25,3.3,4.3,False,0.8493606301971579,2.905010730919602,0.1575632533339362,5.117612055784514,0.05644319866136162,7.867534458441298,0.20975487586692879,6.492573257112906,0.4474359573435744,1,2.4674017451433796,2.131548092976288,6.7,0.8547186523141238,2.0386458390948317
