rank,LG,WR,LR,WF,physics_fc,physics_score,prob_resonant,pred_FL,pred_FU,pred_BW,expected_BW,combined_score,known_in_old_dataset
2,5.5,12.25,3.0,3.6,7.0,0.9135714279441176,0.5678958060287237,5.273089641258705,8.307270882486606,3.2365172591860425,1.8380045776313332,1.5490651580344892,False
1,5.5,12.25,3.0,3.5,7.0,0.8919270155254131,0.5757788252444105,5.302117760319186,8.361221416396729,3.232973062058261,1.86147743171873,1.624664713452841,False
19,6.0,12.25,3.3,4.6,6.6,0.5626290097520912,0.5801564325250759,5.097250797093213,8.02955938730972,3.0273629778372007,1.7563441051805206,1.3758580449454114,False
20,6.0,12.25,3.0,4.4,6.7,0.7052178944786963,0.5801208091210914,5.140164528592142,8.067634094940981,3.0188428206048217,1.751293539698667,1.3721392056037442,False
34,6.0,12.25,3.0,3.7,6.9,0.995972082429543,0.5697934102834135,5.246689501189472,8.030239809744097,2.93153915107829,1.670371690272242,1.3188716775681286,False
