Rank,W(substrate) mm,L(substrate) mm,H(substrate) mm,W(Patch) mm,L(Patch) mm,W(gnd) mm,L(Gnd) mm,W(Rectangle) mm,L(Rectangle) mm,L(Feed) mm,W(Feed) mm,S11 threshold dB,Pred Freq(Lower) GHz,Pred Freq(Upper) GHz,Pred BW GHz,Physics estimated center GHz,Probability resonant,Known in old dataset
1,20.0,14.0,1.6,20.0,11.0,20.0,5.5,12.25,3.0,4.0,3.6,-10.0,5.273089641258705,8.307270882486606,3.2365172591860425,7.0,0.5678958060287237,False
2,20.0,14.0,1.6,20.0,11.0,20.0,5.5,12.25,3.0,4.0,3.5,-10.0,5.302117760319186,8.361221416396729,3.232973062058261,7.0,0.5757788252444105,False
3,20.0,14.0,1.6,20.0,11.0,20.0,6.0,12.25,3.3,4.0,4.6,-10.0,5.097250797093213,8.02955938730972,3.0273629778372007,6.6,0.5801564325250759,False
4,20.0,14.0,1.6,20.0,11.0,20.0,6.0,12.25,3.0,4.0,4.4,-10.0,5.140164528592142,8.067634094940981,3.0188428206048217,6.7,0.5801208091210914,False
5,20.0,14.0,1.6,20.0,11.0,20.0,6.0,12.25,3.0,4.0,3.7,-10.0,5.246689501189472,8.030239809744097,2.93153915107829,6.9,0.5697934102834135,False
