scenario,top1_design,top1_pred_BW,top1_score,top25_overlap_count
baseline,5.5_12.25_3.0_3.5,3.2373147955327233,1.4191845532761564,5
after_feedback,6.0_12.25_3.3_4.5,3.4006165515935387,2.3190484165031995,5
