{
  "eps_eff_used": 4.760330578512396,
  "high_bw_WR_lambda_ratio_median": 0.611790909090909,
  "high_bw_LG_lambda_ratio_median": 0.29770909090909087,
  "high_bw_WF_lambda_ratio_median": 0.18661454545454542
}