{
  "eps_eff_used": 4.745134002162432,
  "high_bw_WR_lambda_ratio_median": 0.6099331977926227,
  "high_bw_LG_lambda_ratio_median": 0.29647110078419986,
  "high_bw_WF_lambda_ratio_median": 0.1917150740633169
}