epoch,train_accuracy,validation_accuracy,train_loss,validation_loss
1,0.7951515151515152,0.7941888619854721,0.5287420136094022,0.5353508126750794
2,0.8412121212121212,0.8184019370460048,0.3621719582366291,0.3727901940536097
3,0.8557575757575757,0.847457627118644,0.33494164174032626,0.34351471004598844
4,0.8642424242424243,0.8571428571428571,0.32005701163476497,0.3381225007063185
5,0.8660606060606061,0.8547215496368039,0.3122877765949181,0.3297869133447819
